month,priority_order,tier_name,amount_mm
2024-04,1,信託報酬・諸費用,13.33
2024-04,2,サービシング手数料,23.99
2024-04,3,優先受益権 利息,86.63
2024-04,4,優先受益権 元本,1039.53
2024-04,5,準備金積立,39.98
2024-04,6,劣後受益権 配当,129.27
2024-05,1,信託報酬・諸費用,14.24
2024-05,2,サービシング手数料,25.63
2024-05,3,優先受益権 利息,92.55
2024-05,4,優先受益権 元本,1110.66
2024-05,5,準備金積立,42.72
2024-05,6,劣後受益権 配当,138.12
2024-06,1,信託報酬・諸費用,14.11
2024-06,2,サービシング手数料,25.4
2024-06,3,優先受益権 利息,91.72
2024-06,4,優先受益権 元本,1100.67
2024-06,5,準備金積立,42.33
2024-06,6,劣後受益権 配当,136.88
2024-07,1,信託報酬・諸費用,14.23
2024-07,2,サービシング手数料,25.61
2024-07,3,優先受益権 利息,92.48
2024-07,4,優先受益権 元本,1109.79
2024-07,5,準備金積立,42.68
2024-07,6,劣後受益権 配当,138.01
2024-08,1,信託報酬・諸費用,14.04
2024-08,2,サービシング手数料,25.28
2024-08,3,優先受益権 利息,91.29
2024-08,4,優先受益権 元本,1095.47
2024-08,5,準備金積立,42.13
2024-08,6,劣後受益権 配当,136.23
2024-09,1,信託報酬・諸費用,14.33
2024-09,2,サービシング手数料,25.79
2024-09,3,優先受益権 利息,93.14
2024-09,4,優先受益権 元本,1117.68
2024-09,5,準備金積立,42.99
2024-09,6,劣後受益権 配当,138.99
2024-10,1,信託報酬・諸費用,13.87
2024-10,2,サービシング手数料,24.96
2024-10,3,優先受益権 利息,90.13
2024-10,4,優先受益権 元本,1081.52
2024-10,5,準備金積立,41.6
2024-10,6,劣後受益権 配当,134.5
2024-11,1,信託報酬・諸費用,14.53
2024-11,2,サービシング手数料,26.15
2024-11,3,優先受益権 利息,94.44
2024-11,4,優先受益権 元本,1133.22
2024-11,5,準備金積立,43.59
2024-11,6,劣後受益権 配当,140.93
2024-12,1,信託報酬・諸費用,13.77
2024-12,2,サービシング手数料,24.78
2024-12,3,優先受益権 利息,89.48
2024-12,4,優先受益権 元本,1073.7
2024-12,5,準備金積立,41.3
2024-12,6,劣後受益権 配当,133.52
2025-01,1,信託報酬・諸費用,13.93
2025-01,2,サービシング手数料,25.08
2025-01,3,優先受益権 利息,90.56
2025-01,4,優先受益権 元本,1086.75
2025-01,5,準備金積立,41.8
2025-01,6,劣後受益権 配当,135.15
2025-02,1,信託報酬・諸費用,14.26
2025-02,2,サービシング手数料,25.67
2025-02,3,優先受益権 利息,92.71
2025-02,4,優先受益権 元本,1112.58
2025-02,5,準備金積立,42.79
2025-02,6,劣後受益権 配当,138.36
2025-03,1,信託報酬・諸費用,13.81
2025-03,2,サービシング手数料,24.86
2025-03,3,優先受益権 利息,89.78
2025-03,4,優先受益権 元本,1077.35
2025-03,5,準備金積立,41.44
2025-03,6,劣後受益権 配当,133.98
2025-04,1,信託報酬・諸費用,13.5
2025-04,2,サービシング手数料,24.29
2025-04,3,優先受益権 利息,87.72
2025-04,4,優先受益権 元本,1052.62
2025-04,5,準備金積立,40.49
2025-04,6,劣後受益権 配当,130.9
2025-05,1,信託報酬・諸費用,13.77
2025-05,2,サービシング手数料,24.79
2025-05,3,優先受益権 利息,89.52
2025-05,4,優先受益権 元本,1074.19
2025-05,5,準備金積立,41.32
2025-05,6,劣後受益権 配当,133.59
2025-06,1,信託報酬・諸費用,14.05
2025-06,2,サービシング手数料,25.29
2025-06,3,優先受益権 利息,91.34
2025-06,4,優先受益権 元本,1096.07
2025-06,5,準備金積立,42.16
2025-06,6,劣後受益権 配当,136.31
2025-07,1,信託報酬・諸費用,13.5
2025-07,2,サービシング手数料,24.3
2025-07,3,優先受益権 利息,87.76
2025-07,4,優先受益権 元本,1053.1
2025-07,5,準備金積立,40.5
2025-07,6,劣後受益権 配当,130.96
2025-08,1,信託報酬・諸費用,13.72
2025-08,2,サービシング手数料,24.7
2025-08,3,優先受益権 利息,89.2
2025-08,4,優先受益権 元本,1070.36
2025-08,5,準備金積立,41.17
2025-08,6,劣後受益権 配当,133.11
2025-09,1,信託報酬・諸費用,13.84
2025-09,2,サービシング手数料,24.91
2025-09,3,優先受益権 利息,89.96
2025-09,4,優先受益権 元本,1079.46
2025-09,5,準備金積立,41.52
2025-09,6,劣後受益権 配当,134.24
2025-10,1,信託報酬・諸費用,13.2
2025-10,2,サービシング手数料,23.76
2025-10,3,優先受益権 利息,85.8
2025-10,4,優先受益権 元本,1029.6
2025-10,5,準備金積立,39.6
2025-10,6,劣後受益権 配当,128.04
2025-11,1,信託報酬・諸費用,13.8
2025-11,2,サービシング手数料,24.83
2025-11,3,優先受益権 利息,89.68
2025-11,4,優先受益権 元本,1076.14
2025-11,5,準備金積立,41.39
2025-11,6,劣後受益権 配当,133.83
2025-12,1,信託報酬・諸費用,13.4
2025-12,2,サービシング手数料,24.12
2025-12,3,優先受益権 利息,87.11
2025-12,4,優先受益権 元本,1045.3
2025-12,5,準備金積立,40.2
2025-12,6,劣後受益権 配当,129.99
2026-01,1,信託報酬・諸費用,13.73
2026-01,2,サービシング手数料,24.71
2026-01,3,優先受益権 利息,89.21
2026-01,4,優先受益権 元本,1070.56
2026-01,5,準備金積立,41.18
2026-01,6,劣後受益権 配当,122.48
2026-02,1,信託報酬・諸費用,13.16
2026-02,2,サービシング手数料,23.68
2026-02,3,優先受益権 利息,85.53
2026-02,4,優先受益権 元本,1026.33
2026-02,5,準備金積立,39.47
2026-02,6,劣後受益権 配当,107.21
2026-03,1,信託報酬・諸費用,13.57
2026-03,2,サービシング手数料,24.43
2026-03,3,優先受益権 利息,88.21
2026-03,4,優先受益権 元本,1058.57
2026-03,5,準備金積立,40.71
2026-03,6,劣後受益権 配当,100.05
