loan_id,default_date,default_balance_mm,cause,disposal_status,recovery_amount_mm,loss_amount_mm,disposal_date
L00099,2024-10-19,34.2,リストラ等収入減,担保処分中,23.4,10.8,2024-08-04
L00005,2025-02-03,29,病気・事故,担保処分中,20.4,8.6,2025-03-08
L00057,2025-06-08,40.7,病気・事故,競売完了,24.6,16.1,2026-03-24
L00162,2025-11-13,24.2,離婚,競売申立済,18.9,5.3,
L00045,2024-07-28,33.2,リストラ等収入減,競売申立済,22.6,10.6,
L00012,2025-10-06,17.2,リストラ等収入減,競売完了,12.9,4.3,2025-07-03
L00178,2025-10-04,18,リストラ等収入減,交渉中,13.8,4.2,
L00011,2025-01-03,26.9,死亡,交渉中,20.4,6.5,
L00103,2025-01-17,14.7,病気・事故,任意売却完了,10.9,3.8,2025-12-26
L00068,2025-08-06,28.5,事業不振,担保処分中,20.1,8.4,2026-07-16
L00129,2026-01-22,43.7,リストラ等収入減,任意売却完了,26.3,17.4,2026-06-13
L00110,2026-02-02,21.7,病気・事故,任意売却完了,13.4,8.3,2026-09-28
L00035,2024-04-10,21.8,離婚,担保処分中,13.2,8.6,2025-10-18
L00002,2025-01-07,22.9,離婚,競売申立済,14.7,8.2,
L00120,2024-04-08,27.7,リストラ等収入減,競売完了,15.6,12.1,2024-11-26
L00165,2024-12-09,30.8,リストラ等収入減,担保処分中,20.9,9.9,2024-05-27
L00160,2024-09-26,13.6,リストラ等収入減,競売申立済,8.2,5.4,
L00048,2025-03-06,38.7,事業不振,交渉中,28,10.7,
L00141,2026-03-03,42,病気・事故,任意売却完了,29.4,12.6,2026-12-17
L00003,2025-09-23,47.9,リストラ等収入減,交渉中,28.2,19.7,
L00080,2024-05-08,37.5,リストラ等収入減,担保処分中,29.3,8.2,2024-09-03
L00110,2026-01-28,30.8,死亡,任意売却完了,23,7.8,2026-01-07
L00052,2025-11-05,32.2,死亡,競売完了,20.3,11.9,2026-03-01
L00179,2024-07-21,18.2,事業不振,交渉中,14.4,3.8,
L00026,2025-10-13,25.2,病気・事故,担保処分中,19.4,5.8,2025-12-05
L00120,2025-12-04,27.5,病気・事故,競売申立済,18.7,8.8,
L00149,2024-09-25,27.9,離婚,担保処分中,23.6,4.3,2024-08-21
L00170,2025-10-26,37.7,病気・事故,交渉中,28,9.7,
L00140,2025-10-16,23.2,病気・事故,競売申立済,19.1,4.1,
L00166,2026-02-12,22.9,病気・事故,担保処分中,16.5,6.4,2026-07-26
L00149,2025-10-01,14.8,離婚,交渉中,11.4,3.4,
L00093,2026-02-27,27.8,離婚,担保処分中,21.9,5.9,2026-11-28
L00067,2025-07-05,26,離婚,競売完了,19.8,6.2,2026-04-14
L00198,2024-10-13,12.1,リストラ等収入減,担保処分中,7.7,4.4,2024-05-13
L00158,2024-12-09,26.9,離婚,任意売却完了,21.3,5.6,2024-08-17
L00093,2025-02-10,30.4,死亡,競売完了,19.2,11.2,2025-08-27
L00029,2024-08-28,25,離婚,任意売却完了,21.2,3.8,2024-06-01
L00179,2025-09-25,23.6,離婚,任意売却完了,20.1,3.5,2025-09-18
L00014,2024-07-09,14.7,リストラ等収入減,競売完了,10.8,3.9,2024-09-10
L00039,2025-08-26,45.3,リストラ等収入減,交渉中,35.4,9.9,
L00074,2025-01-18,40.8,リストラ等収入減,担保処分中,30.4,10.4,2025-08-13
L00146,2024-10-25,20.6,事業不振,競売申立済,16.7,3.9,
L00072,2025-01-26,24.3,病気・事故,担保処分中,17.4,6.9,2025-03-12
L00080,2025-09-11,37.9,病気・事故,任意売却完了,25.5,12.4,2025-02-19
L00137,2024-12-10,42.5,離婚,任意売却完了,24.5,18,2024-11-02
L00108,2024-11-17,14.6,死亡,競売完了,8.5,6.1,2024-02-24
L00123,2025-01-18,47.9,病気・事故,競売完了,32.4,15.5,2025-08-26
L00180,2024-05-08,17.5,病気・事故,競売申立済,13.6,3.9,
L00045,2025-07-24,44.2,病気・事故,競売完了,35.1,9.1,2025-02-15
L00180,2024-08-24,39.1,病気・事故,交渉中,30,9.1,
L00104,2024-09-11,14,リストラ等収入減,任意売却完了,10.9,3.1,2024-07-12
L00016,2024-04-11,25.8,リストラ等収入減,交渉中,15.2,10.6,
L00171,2025-10-26,20.2,死亡,競売申立済,16.3,3.9,
L00186,2024-07-13,32.3,離婚,競売申立済,20.3,12,
L00026,2025-02-06,16.1,リストラ等収入減,担保処分中,11.8,4.3,2025-10-12
L00062,2025-08-14,30.2,リストラ等収入減,競売完了,20.7,9.5,2025-07-20
L00146,2025-06-20,15.3,事業不振,競売完了,11.3,4,2025-09-01
L00105,2024-10-28,15.5,離婚,担保処分中,10.7,4.8,2024-11-26
L00175,2026-03-10,21.5,その他,競売申立済,11.9,9.6,
L00150,2025-04-10,37.2,事業不振,交渉中,29.7,7.5,
L00093,2025-04-01,46.2,リストラ等収入減,交渉中,36.4,9.8,
L00021,2024-12-02,19.1,リストラ等収入減,担保処分中,16.1,3,2024-11-07
L00098,2025-03-13,29.7,リストラ等収入減,競売完了,18.5,11.2,2025-10-09
L00153,2024-06-06,20.4,リストラ等収入減,交渉中,17.1,3.3,
L00170,2024-04-04,25.4,離婚,交渉中,21.5,3.9,
L00021,2025-07-26,46.4,リストラ等収入減,担保処分中,29.9,16.5,2025-02-22
L00034,2026-02-03,19.8,事業不振,任意売却完了,12.6,7.2,2026-09-21
L00149,2024-09-22,42.4,リストラ等収入減,任意売却完了,30.2,12.2,2024-08-17
L00117,2024-10-14,44,リストラ等収入減,任意売却完了,36.8,7.2,2024-08-22
L00077,2025-10-08,36.1,事業不振,任意売却完了,30,6.1,2025-02-11
L00158,2025-05-04,39.3,事業不振,担保処分中,22.9,16.4,2025-03-22
L00188,2024-04-16,33.8,事業不振,任意売却完了,22.5,11.3,2025-03-14
L00087,2025-11-18,33.3,離婚,競売完了,21.5,11.8,2025-04-23
L00113,2024-04-23,14.4,リストラ等収入減,交渉中,10.6,3.8,
L00064,2025-08-06,17.6,病気・事故,競売申立済,10.4,7.2,
L00043,2025-12-11,22.8,リストラ等収入減,競売申立済,16.2,6.6,
L00163,2026-02-24,20,リストラ等収入減,交渉中,15.8,4.2,
L00189,2025-05-05,32.2,リストラ等収入減,担保処分中,20.5,11.7,2025-10-26
L00152,2024-04-10,45.5,リストラ等収入減,交渉中,28.2,17.3,
L00161,2024-08-17,38.8,病気・事故,競売完了,23.5,15.3,2024-10-06
L00194,2024-09-23,45.4,事業不振,任意売却完了,33.5,11.9,2025-07-16
L00130,2025-11-02,36.4,病気・事故,競売申立済,25.5,10.9,
L00033,2025-12-20,38.5,リストラ等収入減,競売完了,31.6,6.9,2025-06-02
L00189,2025-03-20,13.4,死亡,競売申立済,11.1,2.3,
L00091,2025-02-23,20.6,離婚,任意売却完了,11.5,9.1,2026-11-06
L00068,2024-11-03,21.5,病気・事故,担保処分中,17.2,4.3,2024-06-18
L00115,2025-12-20,19.3,死亡,競売申立済,11.5,7.8,
L00194,2024-04-23,23.7,その他,競売完了,13.8,9.9,2024-01-09
L00111,2024-08-25,14.6,リストラ等収入減,競売完了,11.2,3.4,2024-08-22
L00065,2025-06-28,27.1,その他,競売完了,20.5,6.6,2026-08-03
L00151,2025-08-09,12.2,離婚,競売完了,7.6,4.6,2025-05-25
L00127,2025-09-24,27.9,その他,交渉中,19.2,8.7,
L00002,2025-07-10,19.4,離婚,任意売却完了,12.1,7.3,2025-06-09
L00170,2025-05-05,39.7,事業不振,担保処分中,29.5,10.2,2025-10-07
L00124,2025-03-15,22.6,リストラ等収入減,交渉中,12.9,9.7,
L00081,2025-07-07,38,離婚,競売完了,28.5,9.5,2026-09-21
L00114,2024-05-20,27.9,リストラ等収入減,交渉中,20.1,7.8,
L00137,2025-04-25,31.5,事業不振,任意売却完了,26.5,5,2025-12-20
L00166,2026-01-25,35.6,離婚,交渉中,28.7,6.9,
L00137,2026-03-07,36.5,リストラ等収入減,競売完了,24,12.5,2026-10-24
L00191,2024-09-26,26.9,病気・事故,担保処分中,15.8,11.1,2024-02-07
L00033,2025-07-28,15.5,リストラ等収入減,競売申立済,10.6,4.9,
L00161,2024-08-08,36.6,死亡,競売申立済,23.9,12.7,
L00121,2024-07-17,20.9,病気・事故,担保処分中,12.9,8,2024-04-04
L00167,2024-04-09,32.6,離婚,担保処分中,26.1,6.5,2025-10-01
L00164,2024-12-28,37,事業不振,任意売却完了,26.4,10.6,2024-10-03
L00163,2026-01-19,43.1,リストラ等収入減,競売申立済,33.5,9.6,
L00083,2024-07-06,28.7,病気・事故,交渉中,22.6,6.1,
L00106,2025-07-12,30.8,リストラ等収入減,担保処分中,22.5,8.3,2025-11-07
L00125,2025-01-24,14.7,離婚,競売完了,8.3,6.4,2025-02-14
L00022,2024-07-09,25.1,その他,交渉中,20.5,4.6,
L00199,2024-11-09,26.9,リストラ等収入減,競売申立済,17.5,9.4,
L00145,2024-09-11,35.5,病気・事故,競売完了,22.6,12.9,2024-10-20
L00197,2025-12-09,23.2,リストラ等収入減,交渉中,19.4,3.8,
L00081,2024-06-17,35,事業不振,担保処分中,24.2,10.8,2025-08-03
L00067,2025-01-28,16.4,死亡,競売申立済,13.8,2.6,
L00045,2026-03-15,21.7,リストラ等収入減,交渉中,16.4,5.3,
L00160,2026-02-20,26.4,事業不振,競売完了,15.1,11.3,2026-02-05
