month,bucket,loan_count,balance_mm
2024-04,30-59日,42,1176.2
2024-04,60-89日,19,528.1
2024-04,90日以上,22,612.1
2024-05,30-59日,37,1035.2
2024-05,60-89日,25,702.1
2024-05,90日以上,21,583.1
2024-06,30-59日,55,1533.9
2024-06,60-89日,24,684.3
2024-06,90日以上,21,578.1
2024-07,30-59日,47,1310
2024-07,60-89日,15,432.8
2024-07,90日以上,27,760.2
2024-08,30-59日,51,1437.8
2024-08,60-89日,15,429
2024-08,90日以上,21,579.8
2024-09,30-59日,53,1493.9
2024-09,60-89日,17,482.6
2024-09,90日以上,24,678
2024-10,30-59日,48,1355.5
2024-10,60-89日,21,580.9
2024-10,90日以上,26,717.6
2024-11,30-59日,35,982.2
2024-11,60-89日,15,406.4
2024-11,90日以上,27,756.4
2024-12,30-59日,44,1219.7
2024-12,60-89日,23,637.8
2024-12,90日以上,24,660.2
2025-01,30-59日,40,1108.8
2025-01,60-89日,22,620.9
2025-01,90日以上,21,598.8
2025-02,30-59日,48,1339.9
2025-02,60-89日,16,439.3
2025-02,90日以上,22,615
2025-03,30-59日,39,1088.2
2025-03,60-89日,15,413.5
2025-03,90日以上,23,652.9
2025-04,30-59日,49,1380.2
2025-04,60-89日,18,496
2025-04,90日以上,20,560.7
2025-05,30-59日,42,1164.3
2025-05,60-89日,20,555.4
2025-05,90日以上,24,662.3
2025-06,30-59日,44,1227
2025-06,60-89日,22,624.1
2025-06,90日以上,23,655.8
2025-07,30-59日,40,1110.7
2025-07,60-89日,14,387.7
2025-07,90日以上,21,576.3
2025-08,30-59日,41,1151.7
2025-08,60-89日,18,498
2025-08,90日以上,23,653.7
2025-09,30-59日,42,1181.3
2025-09,60-89日,19,523.9
2025-09,90日以上,18,493.1
2025-10,30-59日,44,1241.3
2025-10,60-89日,13,366.3
2025-10,90日以上,23,651.2
2025-11,30-59日,32,906.4
2025-11,60-89日,14,402.8
2025-11,90日以上,24,674.7
2025-12,30-59日,43,1206.5
2025-12,60-89日,19,538.4
2025-12,90日以上,19,538.4
2026-01,30-59日,42,1174.4
2026-01,60-89日,12,345.4
2026-01,90日以上,23,641.5
2026-02,30-59日,30,830.3
2026-02,60-89日,12,341.9
2026-02,90日以上,21,576.3
2026-03,30-59日,43,1208.1
2026-03,60-89日,17,463.9
2026-03,90日以上,22,628.2
