loan_id,borrower_age,prefecture,property_type,interest_type,interest_rate,original_balance_mm,current_balance_mm,original_term_months,remaining_term_months,ltv_original,ltv_current,dti,status,delinquency_days,origination_date
L00001,57,茨城県,マンション,変動,0.0059,48.9,25.1,240,123,0.74,0.38,0.31,正常,0,2013-01-25
L00002,46,長野県,戸建,固定,0.0148,33.2,26.6,420,336,0.74,0.59,0.35,正常,0,2020-01-05
L00003,42,愛知県,マンション,固定期間選択,0.0105,63.3,45.9,300,218,0.87,0.63,0.27,正常,0,2022-12-23
L00004,54,北海道,戸建,固定,0.014,34.1,26.5,300,233,0.79,0.61,0.33,正常,0,2015-03-15
L00005,30,東京都,マンション,固定,0.0111,66.6,36.1,420,228,0.74,0.4,0.23,正常,0,2011-03-16
L00006,37,神奈川県,戸建,固定,0.0119,63.9,46.2,240,173,0.82,0.59,0.21,正常,0,2013-07-22
L00007,54,大阪府,マンション,固定,0.0105,66,57.1,300,260,0.8,0.69,0.34,延滞30-59日,35,2011-01-21
L00008,45,神奈川県,マンション,変動,0.0053,25.8,23.4,420,381,0.9,0.82,0.18,延滞30-59日,52,2018-03-19
L00009,55,千葉県,マンション,固定,0.0119,41.9,35.2,240,202,0.75,0.63,0.34,正常,0,2025-06-13
L00010,60,大阪府,戸建,固定,0.012,56.9,38.6,300,203,0.71,0.48,0.31,正常,0,2024-03-14
L00011,44,埼玉県,マンション,変動,0.0045,26.1,16.1,420,259,0.72,0.44,0.28,正常,0,2021-10-21
L00012,45,大阪府,その他,固定,0.0111,43.2,25.8,420,251,0.88,0.53,0.24,正常,0,2019-05-26
L00013,47,滋賀県,マンション,変動,0.0061,29.4,24.2,300,247,0.8,0.66,0.16,正常,0,2024-10-08
L00014,53,茨城県,マンション,変動,0.0066,57.9,53.2,240,221,0.72,0.66,0.34,期限前弁済,0,2014-10-09
L00015,46,千葉県,戸建,固定期間選択,0.0125,27.3,23.7,420,364,0.89,0.77,0.32,正常,0,2024-10-06
L00016,42,茨城県,土地,変動,0.0043,53.8,44.9,420,351,0.88,0.73,0.16,正常,0,2018-04-18
L00017,28,東京都,マンション,固定,0.012,47.7,22.6,300,142,0.88,0.42,0.29,正常,0,2021-11-23
L00018,32,神奈川県,戸建,変動,0.0047,46.2,23.2,420,211,0.86,0.43,0.35,正常,0,2013-02-05
L00019,44,東京都,戸建,固定,0.0093,33.2,19.2,300,173,0.84,0.49,0.26,正常,0,2012-06-13
L00020,40,神奈川県,戸建,固定,0.0149,29.1,16.3,420,235,0.89,0.5,0.3,正常,0,2023-07-22
L00021,56,埼玉県,戸建,変動,0.006,44.1,30.2,360,247,0.74,0.51,0.23,正常,0,2017-06-25
L00022,38,静岡県,戸建,固定,0.0107,27.1,22.9,360,304,0.77,0.65,0.19,正常,0,2023-09-25
L00023,38,島根県,マンション,変動,0.0067,52.3,42.1,240,193,0.77,0.62,0.23,正常,0,2012-09-25
L00024,29,兵庫県,マンション,固定,0.0097,51.9,23.5,360,163,0.79,0.36,0.16,正常,0,2020-07-18
L00025,42,大阪府,マンション,固定,0.0134,64.3,41.8,240,156,0.73,0.47,0.32,正常,0,2013-09-27
L00026,53,千葉県,マンション,固定,0.01,33.6,20.8,360,223,0.93,0.58,0.22,正常,0,2012-10-23
L00027,56,東京都,戸建,固定,0.009,26.5,23,360,312,0.77,0.67,0.27,正常,0,2024-03-13
L00028,61,福岡県,戸建,変動,0.0042,28.1,21.6,420,322,0.82,0.63,0.28,正常,0,2014-05-02
L00029,37,千葉県,マンション,変動,0.0046,48.6,24.2,240,119,0.85,0.42,0.18,正常,0,2023-02-18
L00030,55,北海道,戸建,変動,0.0044,31,18.9,420,256,0.79,0.48,0.3,正常,0,2012-09-30
L00031,49,神奈川県,マンション,固定,0.0138,41.9,22.4,420,225,0.85,0.46,0.15,正常,0,2017-02-19
L00032,43,東京都,マンション,変動,0.0052,42.1,29.8,360,255,0.83,0.59,0.27,正常,0,2013-07-03
L00033,46,東京都,マンション,変動,0.0064,46.4,38.1,300,246,0.73,0.6,0.25,正常,0,2013-02-12
L00034,45,千葉県,マンション,変動,0.0044,66.5,39,240,141,0.82,0.48,0.23,正常,0,2025-03-08
L00035,57,福井県,戸建,固定,0.0101,25.2,19.3,360,276,0.81,0.62,0.2,正常,0,2021-12-07
L00036,58,兵庫県,マンション,変動,0.005,45.2,32.4,300,215,0.95,0.68,0.32,正常,0,2017-03-23
L00037,36,神奈川県,戸建,変動,0.0054,56.2,44.1,240,188,0.94,0.74,0.29,正常,0,2016-11-19
L00038,41,千葉県,戸建,変動,0.0054,28.9,23.5,240,195,0.91,0.74,0.18,正常,0,2021-07-31
L00039,37,東京都,戸建,固定,0.012,60.1,28.4,360,170,0.91,0.43,0.29,正常,0,2011-08-01
L00040,32,千葉県,マンション,変動,0.0059,35.4,24.4,240,166,0.9,0.62,0.26,正常,0,2013-07-02
L00041,38,東京都,戸建,変動,0.0046,45.4,35.5,300,235,0.8,0.63,0.25,正常,0,2012-07-08
L00042,46,宮城県,戸建,固定,0.0145,46.2,32.6,240,169,0.79,0.56,0.25,正常,0,2025-03-26
L00043,47,愛知県,戸建,固定,0.0094,27.4,21.4,360,281,0.88,0.69,0.22,正常,0,2024-06-17
L00044,33,東京都,マンション,変動,0.0046,41.5,36.6,420,371,0.89,0.79,0.2,正常,0,2019-09-03
L00045,52,東京都,マンション,変動,0.0057,27.1,17.9,360,237,0.85,0.56,0.22,正常,0,2025-08-05
L00046,29,福岡県,戸建,固定,0.0093,38.5,31.1,240,194,0.86,0.69,0.33,正常,0,2015-09-24
L00047,28,埼玉県,マンション,固定期間選択,0.0119,58.6,30.1,360,185,0.82,0.42,0.25,正常,0,2015-08-20
L00048,61,北海道,戸建,固定,0.0098,60.3,46.4,240,185,0.75,0.58,0.28,正常,0,2021-04-19
L00049,41,兵庫県,土地,固定,0.0139,51.9,44.2,420,358,0.81,0.69,0.32,正常,0,2021-04-24
L00050,29,神奈川県,マンション,固定,0.0131,40.5,32.2,240,191,0.82,0.65,0.32,正常,0,2022-03-04
L00051,44,兵庫県,戸建,固定期間選択,0.0111,31.5,14.7,420,196,0.82,0.38,0.18,正常,0,2018-04-06
L00052,42,北海道,マンション,変動,0.0047,59.7,52.9,240,213,0.81,0.72,0.34,デフォルト,350,2019-10-15
L00053,36,東京都,戸建,変動,0.0069,54.2,29.2,240,129,0.78,0.42,0.3,正常,0,2024-10-26
L00054,58,大阪府,その他,変動,0.0054,58.7,38.3,420,274,0.83,0.54,0.32,正常,0,2019-09-10
L00055,32,東京都,マンション,固定,0.0126,34.7,16.7,420,202,0.71,0.34,0.26,正常,0,2011-12-23
L00056,53,長野県,戸建,固定,0.009,50.7,30,420,248,0.92,0.54,0.3,正常,0,2023-10-24
L00057,37,東京都,その他,変動,0.0056,62.7,46.4,420,311,0.73,0.54,0.24,正常,0,2018-12-19
L00058,56,東京都,戸建,変動,0.0067,57.3,28.6,420,210,0.88,0.44,0.27,正常,0,2018-04-08
L00059,39,三重県,戸建,固定,0.0114,64.1,43.8,300,205,0.78,0.53,0.23,正常,0,2013-12-06
L00060,42,静岡県,戸建,固定,0.0142,48.1,32,300,199,0.76,0.51,0.29,正常,0,2014-04-09
L00061,55,東京都,戸建,固定,0.0135,55.7,27.7,240,120,0.76,0.38,0.34,正常,0,2020-08-17
L00062,53,福岡県,戸建,変動,0.0047,41,34.8,360,306,0.7,0.59,0.34,正常,0,2015-12-25
L00063,48,東京都,マンション,固定,0.0096,63.9,49.8,240,187,0.75,0.58,0.17,正常,0,2020-01-26
L00064,37,愛知県,その他,固定,0.0099,67.9,49.6,300,219,0.75,0.55,0.35,正常,0,2020-01-17
L00065,28,東京都,マンション,固定期間選択,0.0134,29.6,24.7,360,301,0.86,0.72,0.32,正常,0,2025-06-10
L00066,61,神奈川県,戸建,固定,0.0131,61.2,31.8,360,187,0.92,0.48,0.21,正常,0,2024-04-13
L00067,29,埼玉県,戸建,固定,0.0127,43,38.7,240,216,0.86,0.77,0.23,正常,0,2023-11-08
L00068,42,東京都,戸建,変動,0.0047,39.4,34.8,420,371,0.76,0.67,0.23,正常,0,2012-11-10
L00069,62,福岡県,戸建,固定,0.0098,35.3,29,240,197,0.76,0.62,0.22,正常,0,2023-07-09
L00070,54,神奈川県,戸建,変動,0.0046,34.5,18.2,300,158,0.81,0.43,0.26,正常,0,2021-08-27
L00071,50,福岡県,戸建,固定,0.0119,53.9,43.4,360,290,0.7,0.56,0.33,正常,0,2015-03-31
L00072,58,東京都,マンション,固定期間選択,0.0121,43.6,20.6,240,114,0.75,0.36,0.24,正常,0,2015-07-24
L00073,46,愛知県,土地,固定,0.0147,25.1,22.1,240,212,0.76,0.67,0.34,正常,0,2022-10-08
L00074,31,北海道,その他,固定,0.0119,59.7,49.1,240,197,0.88,0.72,0.23,正常,0,2018-04-27
L00075,32,神奈川県,マンション,固定,0.0115,53.4,29.7,240,133,0.81,0.45,0.18,正常,0,2017-05-19
L00076,51,大阪府,マンション,固定期間選択,0.0113,59.8,32.3,240,129,0.91,0.49,0.33,正常,0,2019-02-14
L00077,38,神奈川県,マンション,固定,0.0115,40,22.5,420,236,0.7,0.39,0.18,正常,0,2011-05-31
L00078,52,東京都,マンション,変動,0.0069,61.6,30.5,360,178,0.73,0.36,0.18,正常,0,2016-11-03
L00079,53,長崎県,戸建,固定,0.0143,57,40.6,240,171,0.85,0.61,0.19,正常,0,2018-07-19
L00080,55,兵庫県,戸建,固定,0.0124,29.3,20.4,360,251,0.76,0.53,0.3,正常,0,2014-10-04
L00081,30,群馬県,マンション,変動,0.0066,64.2,47.4,300,221,0.79,0.58,0.16,正常,0,2024-06-13
L00082,30,青森県,戸建,固定,0.009,41.7,22.3,300,161,0.82,0.44,0.25,延滞30-59日,57,2025-06-01
L00083,40,新潟県,戸建,固定,0.0143,32.8,21.8,300,199,0.95,0.63,0.3,正常,0,2018-11-21
L00084,58,愛知県,マンション,変動,0.0065,35.6,26.8,420,316,0.75,0.56,0.23,正常,0,2016-06-21
L00085,62,東京都,マンション,固定,0.0128,44.5,20.9,420,197,0.72,0.34,0.16,正常,0,2012-10-21
L00086,59,神奈川県,戸建,固定,0.0117,64,37.5,240,141,0.88,0.52,0.29,正常,0,2016-03-27
L00087,38,東京都,マンション,固定,0.0119,33.3,16.4,300,148,0.84,0.41,0.19,延滞30-59日,55,2019-06-19
L00088,43,大阪府,その他,固定,0.0149,41.6,24.2,300,174,0.73,0.42,0.3,正常,0,2015-08-02
L00089,60,静岡県,土地,固定期間選択,0.0115,40.4,32.2,420,335,0.83,0.66,0.16,正常,0,2017-10-26
L00090,44,和歌山県,マンション,固定,0.0091,42.5,32.5,240,183,0.95,0.73,0.27,正常,0,2016-06-11
L00091,56,大阪府,戸建,変動,0.0051,36,26.7,420,312,0.77,0.57,0.19,正常,0,2012-08-17
L00092,55,神奈川県,マンション,固定,0.0097,65.7,36.2,420,232,0.76,0.42,0.33,正常,0,2011-08-22
L00093,47,埼玉県,戸建,固定期間選択,0.013,31.6,18,240,137,0.86,0.49,0.28,正常,0,2022-05-11
L00094,34,神奈川県,マンション,変動,0.0044,61.2,36.5,240,143,0.79,0.47,0.3,正常,0,2016-12-15
L00095,33,神奈川県,マンション,固定期間選択,0.0134,27.6,16.4,420,250,0.9,0.54,0.29,正常,0,2020-02-29
L00096,33,千葉県,マンション,変動,0.0051,49.4,30.6,240,149,0.8,0.5,0.32,正常,0,2018-02-22
L00097,39,東京都,戸建,変動,0.0065,66,41,360,224,0.89,0.55,0.33,正常,0,2016-12-14
L00098,37,愛知県,マンション,固定期間選択,0.0094,52.7,34.8,240,159,0.88,0.58,0.17,正常,0,2011-10-31
L00099,39,埼玉県,マンション,変動,0.0053,56.4,38.4,240,163,0.8,0.54,0.23,正常,0,2017-01-01
L00100,31,大阪府,戸建,変動,0.0066,52.6,30.7,420,245,0.82,0.48,0.2,延滞30-59日,30,2015-02-17
L00101,32,和歌山県,マンション,固定,0.0113,36.9,33,240,214,0.87,0.78,0.22,正常,0,2012-10-05
L00102,57,秋田県,マンション,固定,0.0129,25.6,23.2,360,327,0.78,0.71,0.16,正常,0,2019-12-22
L00103,48,大阪府,マンション,固定期間選択,0.0093,63.1,36.7,300,174,0.91,0.53,0.2,正常,0,2023-09-21
L00104,40,愛知県,戸建,変動,0.0041,52.3,34.5,300,198,0.82,0.54,0.33,正常,0,2011-08-02
L00105,39,埼玉県,マンション,固定,0.0135,25.1,21.1,360,302,0.8,0.67,0.23,正常,0,2024-11-05
L00106,56,埼玉県,戸建,変動,0.0069,46.1,35.6,420,325,0.94,0.73,0.29,正常,0,2014-04-16
L00107,46,埼玉県,マンション,変動,0.0041,35.6,26,360,263,0.81,0.59,0.23,正常,0,2014-10-20
L00108,44,千葉県,戸建,変動,0.005,66.8,58.2,360,313,0.78,0.68,0.19,正常,0,2025-12-10
L00109,39,兵庫県,マンション,変動,0.0056,64.4,41.4,360,231,0.8,0.51,0.15,正常,0,2025-05-03
L00110,58,神奈川県,土地,変動,0.0066,27.2,19.4,360,257,0.92,0.66,0.24,正常,0,2016-01-01
L00111,30,神奈川県,マンション,固定,0.0104,51.7,37.6,420,306,0.92,0.67,0.17,正常,0,2014-05-22
L00112,33,愛知県,戸建,固定,0.0127,28.8,22.3,420,325,0.85,0.66,0.34,正常,0,2019-11-22
L00113,47,三重県,戸建,固定,0.0097,29.6,24.3,420,344,0.91,0.75,0.31,正常,0,2019-12-22
L00114,54,兵庫県,マンション,固定,0.0099,33.6,23.9,420,299,0.77,0.55,0.17,正常,0,2013-07-27
L00115,41,神奈川県,戸建,固定,0.0114,34.4,23.8,300,208,0.81,0.56,0.22,正常,0,2015-02-12
L00116,48,京都府,マンション,変動,0.005,60.6,45.5,300,225,0.86,0.65,0.17,正常,0,2020-06-03
L00117,53,神奈川県,マンション,固定,0.0102,62.5,47.6,420,320,0.73,0.56,0.33,正常,0,2025-01-01
L00118,30,北海道,マンション,固定,0.0142,45.8,33.4,300,219,0.77,0.56,0.29,正常,0,2020-07-01
L00119,43,千葉県,戸建,固定,0.0113,52.8,32.6,360,222,0.77,0.47,0.18,正常,0,2013-07-23
L00120,62,大阪府,戸建,固定,0.0105,63.5,46.5,300,220,0.76,0.56,0.29,正常,0,2016-06-14
L00121,57,東京都,土地,固定,0.0119,35.8,18.2,300,152,0.76,0.39,0.29,正常,0,2013-04-02
L00122,45,愛知県,戸建,固定,0.0138,26.7,18.1,300,204,0.83,0.56,0.29,正常,0,2014-10-03
L00123,28,千葉県,戸建,固定期間選択,0.0123,26.5,13.4,300,152,0.77,0.39,0.33,正常,0,2020-01-11
L00124,29,鹿児島県,その他,固定,0.011,43.6,26.9,360,222,0.71,0.44,0.24,正常,0,2018-07-31
L00125,43,東京都,戸建,変動,0.0065,58.9,40.4,360,247,0.78,0.54,0.15,正常,0,2018-03-20
L00126,30,山形県,戸建,変動,0.0052,66.6,56.2,240,203,0.88,0.74,0.23,正常,0,2015-06-25
L00127,49,埼玉県,戸建,固定,0.0148,33.5,15.5,360,167,0.93,0.43,0.22,正常,0,2025-05-14
L00128,58,栃木県,戸建,変動,0.005,52.5,40.9,240,187,0.78,0.61,0.33,正常,0,2024-01-10
L00129,49,大阪府,戸建,変動,0.0061,29,19.3,300,200,0.82,0.55,0.29,正常,0,2018-11-02
L00130,50,大阪府,戸建,固定,0.0123,39.9,21.5,420,226,0.74,0.4,0.22,正常,0,2024-01-18
L00131,60,愛知県,戸建,固定,0.0143,37.6,28.7,360,275,0.82,0.63,0.3,正常,0,2019-11-23
L00132,33,千葉県,戸建,固定,0.0102,27.7,22.3,420,338,0.79,0.64,0.28,正常,0,2024-06-08
L00133,48,京都府,マンション,変動,0.0067,46.8,40.3,240,207,0.85,0.73,0.29,正常,0,2018-04-14
L00134,34,静岡県,戸建,変動,0.0066,62.6,49.9,420,335,0.89,0.71,0.24,正常,0,2023-06-06
L00135,49,埼玉県,戸建,固定,0.0097,43.2,37.5,300,260,0.93,0.81,0.24,正常,0,2022-12-23
L00136,51,神奈川県,戸建,変動,0.0048,39.6,25,300,189,0.81,0.51,0.29,正常,0,2011-10-19
L00137,28,兵庫県,戸建,変動,0.006,66.8,32.6,240,117,0.74,0.36,0.27,正常,0,2014-01-18
L00138,43,宮城県,マンション,固定,0.0145,34.1,29.2,300,257,0.91,0.78,0.27,正常,0,2015-08-11
L00139,55,宮崎県,戸建,固定,0.015,28.7,15.7,240,131,0.77,0.42,0.18,正常,0,2025-12-12
L00140,53,福岡県,マンション,固定,0.011,60.3,31.1,300,155,0.88,0.45,0.2,正常,0,2025-01-03
L00141,30,東京都,マンション,固定,0.0098,37.1,26.5,300,214,0.79,0.56,0.23,正常,0,2016-05-21
L00142,42,大阪府,マンション,変動,0.0056,58.7,28.7,300,147,0.86,0.42,0.3,正常,0,2011-10-21
L00143,58,埼玉県,その他,固定期間選択,0.0141,39.5,18.1,300,138,0.83,0.38,0.3,正常,0,2017-02-27
L00144,59,愛媛県,戸建,固定,0.0121,62.7,45.4,360,261,0.73,0.53,0.28,正常,0,2016-10-27
L00145,28,神奈川県,マンション,固定,0.0147,29.4,22.7,300,231,0.76,0.59,0.27,正常,0,2024-07-27
L00146,50,新潟県,マンション,固定,0.012,31.5,27.8,360,318,0.71,0.63,0.22,正常,0,2020-10-02
L00147,41,東京都,その他,固定,0.011,47.8,43.6,360,328,0.74,0.67,0.17,正常,0,2011-02-22
L00148,40,奈良県,マンション,変動,0.0043,56.1,26.3,300,140,0.74,0.35,0.3,正常,0,2014-01-03
L00149,45,千葉県,戸建,固定,0.0097,26.2,13.2,360,181,0.9,0.45,0.18,正常,0,2017-04-22
L00150,31,広島県,戸建,固定期間選択,0.0115,52.6,26.4,360,180,0.78,0.39,0.29,正常,0,2017-03-03
L00151,29,北海道,マンション,変動,0.0068,36.8,32.1,360,314,0.77,0.67,0.24,正常,0,2022-03-18
L00152,50,北海道,マンション,変動,0.0066,34.1,23.2,360,245,0.75,0.51,0.32,正常,0,2023-03-31
L00153,29,埼玉県,マンション,固定,0.0112,59.5,32.1,300,162,0.93,0.5,0.28,正常,0,2014-08-09
L00154,38,神奈川県,マンション,変動,0.007,28.4,16.1,240,136,0.73,0.41,0.28,正常,0,2014-10-24
L00155,32,大阪府,戸建,変動,0.0064,37.4,23.8,240,153,0.94,0.6,0.34,正常,0,2016-04-25
L00156,49,兵庫県,マンション,固定期間選択,0.0143,44,29.9,300,204,0.77,0.52,0.27,正常,0,2013-04-06
L00157,51,愛知県,土地,固定期間選択,0.0134,26.9,21.4,240,191,0.81,0.64,0.32,正常,0,2017-04-20
L00158,40,東京都,マンション,変動,0.0063,44.2,28.4,420,270,0.71,0.46,0.28,正常,0,2021-06-17
L00159,61,東京都,マンション,固定,0.0106,32.2,24.9,300,232,0.79,0.61,0.15,正常,0,2018-10-03
L00160,45,千葉県,戸建,固定,0.0132,53.8,29.6,420,231,0.81,0.45,0.28,正常,0,2020-02-22
L00161,39,愛知県,戸建,固定,0.0114,31.2,14.3,240,110,0.74,0.34,0.24,正常,0,2022-09-01
L00162,30,神奈川県,マンション,固定,0.014,42.1,32.5,360,278,0.94,0.72,0.21,正常,0,2025-12-27
L00163,61,神奈川県,マンション,固定,0.0097,61.1,46.3,360,273,0.94,0.71,0.24,正常,0,2011-01-27
L00164,45,千葉県,マンション,固定,0.0103,63.9,52.1,360,293,0.8,0.65,0.19,正常,0,2011-04-09
L00165,45,埼玉県,戸建,固定,0.0097,48.1,42.5,420,371,0.79,0.7,0.31,正常,0,2022-03-10
L00166,28,北海道,戸建,変動,0.0042,25.8,14.7,300,171,0.79,0.45,0.32,正常,0,2025-11-15
L00167,38,岐阜県,マンション,固定期間選択,0.0108,43.9,23.5,240,128,0.76,0.41,0.31,正常,0,2015-09-15
L00168,44,神奈川県,戸建,固定,0.0109,44.5,26.3,240,142,0.82,0.48,0.18,正常,0,2025-09-11
L00169,43,千葉県,マンション,変動,0.0043,32.3,22.3,240,166,0.93,0.64,0.23,正常,0,2015-02-13
L00170,46,大阪府,マンション,変動,0.0067,60.3,34.6,420,241,0.78,0.45,0.19,正常,0,2018-06-15
L00171,47,福井県,戸建,変動,0.0052,42.8,24.3,360,205,0.9,0.51,0.2,正常,0,2023-12-16
L00172,44,京都府,マンション,固定,0.0104,38.4,17.4,360,163,0.85,0.39,0.17,正常,0,2024-02-08
L00173,28,奈良県,戸建,変動,0.006,43.7,31.6,300,217,0.9,0.65,0.33,正常,0,2024-12-14
L00174,48,茨城県,マンション,変動,0.0054,46.1,41.8,240,217,0.88,0.8,0.28,正常,0,2020-03-20
L00175,55,新潟県,マンション,固定,0.0124,38.4,22.8,240,142,0.75,0.44,0.25,正常,0,2023-09-03
L00176,57,東京都,戸建,変動,0.0051,46.7,35.7,240,184,0.84,0.64,0.3,正常,0,2016-11-21
L00177,53,愛知県,マンション,固定,0.0091,65.7,29.9,240,109,0.72,0.33,0.15,正常,0,2018-06-02
L00178,57,群馬県,マンション,固定,0.0127,37,16.8,300,137,0.72,0.33,0.22,正常,0,2025-11-21
L00179,36,愛知県,戸建,変動,0.0063,55.9,37,420,278,0.9,0.6,0.16,正常,0,2019-08-20
L00180,29,愛知県,マンション,変動,0.0041,57.7,30.2,240,125,0.84,0.44,0.24,正常,0,2022-04-09
L00181,29,埼玉県,マンション,変動,0.0054,56.3,26.6,360,170,0.83,0.39,0.25,正常,0,2020-04-04
L00182,50,福岡県,戸建,変動,0.0055,67.4,54.9,360,293,0.83,0.68,0.24,正常,0,2022-02-07
L00183,44,群馬県,マンション,固定,0.0104,64.9,33.2,420,215,0.73,0.37,0.33,正常,0,2011-04-22
L00184,40,京都府,マンション,変動,0.0062,66.8,37.7,240,135,0.79,0.45,0.25,正常,0,2015-11-15
L00185,49,兵庫県,マンション,固定,0.0144,40.2,29.2,300,218,0.84,0.61,0.23,正常,0,2019-08-17
L00186,30,愛知県,戸建,変動,0.006,47.9,28.6,420,251,0.72,0.43,0.23,正常,0,2013-05-18
L00187,56,東京都,マンション,変動,0.0052,61.9,52.2,360,303,0.94,0.79,0.23,正常,0,2011-10-10
L00188,41,東京都,土地,固定,0.0139,50.4,40.4,300,241,0.86,0.69,0.16,正常,0,2024-08-15
L00189,33,神奈川県,マンション,固定,0.0127,35.5,30.9,420,365,0.77,0.67,0.32,正常,0,2015-10-15
L00190,44,北海道,戸建,固定,0.0119,54.3,31.6,360,209,0.71,0.41,0.33,正常,0,2022-11-03
L00191,56,茨城県,マンション,固定,0.0101,38.3,27.2,300,213,0.8,0.57,0.33,正常,0,2020-02-09
L00192,45,福岡県,マンション,固定,0.0111,36.6,27.4,300,224,0.84,0.63,0.24,正常,0,2012-07-02
L00193,43,千葉県,マンション,固定期間選択,0.0122,39.5,32.6,420,347,0.81,0.67,0.29,正常,0,2011-10-14
L00194,49,東京都,マンション,変動,0.0056,47,31.7,300,202,0.77,0.52,0.31,正常,0,2013-05-21
L00195,53,埼玉県,土地,変動,0.0042,61.9,39.4,420,267,0.93,0.59,0.35,正常,0,2023-06-16
L00196,52,大阪府,戸建,変動,0.007,42.3,37.7,300,267,0.84,0.75,0.3,正常,0,2012-03-22
L00197,29,京都府,戸建,固定期間選択,0.0095,65.1,43,240,159,0.72,0.48,0.33,正常,0,2018-05-06
L00198,41,大分県,マンション,固定,0.0096,55.2,33.9,360,221,0.81,0.5,0.17,正常,0,2022-05-03
L00199,44,神奈川県,戸建,固定,0.0124,44.2,20.3,420,193,0.91,0.42,0.33,正常,0,2025-11-14
L00200,47,東京都,戸建,変動,0.0056,28.7,24.7,420,362,0.93,0.8,0.33,正常,0,2015-12-14
