month,pool_balance_mm,scheduled_principal_mm,prepayment_principal_mm,prepayment_count,default_principal_mm,default_count,recovery_mm,delinquency_30_59_rate,delinquency_60_89_rate,delinquency_90_plus_rate,cpr_annual,cdr_annual,cumulative_default_rate,cumulative_prepayment_rate,senior_balance_mm,subordinated_balance_mm,subordination_ratio,servicer_recovery_rate
2024-04,120017.6,0,879.3,27,46.55,5,33.37,0.0098,0.0044,0.0047,0.0845,0.0046,0.0004,0.0073,108016.2,12001.4,0.1,0.7168
2024-05,118993.9,221.9,743.8,21,57.96,6,41.74,0.0087,0.0059,0.0046,0.0719,0.0058,0.0009,0.0135,107074.4,11919.5,0.1002,0.7202
2024-06,117988.7,123.4,857.4,30,24.4,5,17.35,0.013,0.0058,0.0045,0.0831,0.0025,0.0011,0.0207,106149.6,11839.1,0.1003,0.711
2024-07,116961.1,50.1,927.8,30,49.67,3,35.55,0.0112,0.0037,0.0054,0.0904,0.005,0.0015,0.0284,105204.2,11756.9,0.1005,0.7156
2024-08,115952.8,209.4,765.2,24,33.72,6,24.01,0.0124,0.0037,0.0046,0.0757,0.0035,0.0018,0.0348,104276.6,11676.2,0.1007,0.7122
2024-09,114912.5,106.9,900.2,27,33.25,6,23.63,0.013,0.0042,0.0051,0.0893,0.0034,0.002,0.0423,103319.5,11593,0.1009,0.7107
2024-10,113910.9,248.6,706.2,24,46.77,4,33.07,0.0119,0.0051,0.0053,0.0713,0.0049,0.0024,0.0482,102398,11512.9,0.1011,0.7072
2024-11,112891.1,0,1025.1,30,46.4,3,32.63,0.0087,0.0036,0.0055,0.1028,0.0049,0.0028,0.0567,101459.8,11431.3,0.1013,0.7033
2024-12,111898.5,0,954.3,22,43.32,5,30.6,0.0109,0.0057,0.0051,0.0969,0.0046,0.0032,0.0647,100546.6,11351.9,0.1014,0.7063
2025-01,110883.4,124.8,857.3,26,32.99,5,23.08,0.01,0.0056,0.0049,0.0882,0.0035,0.0035,0.0718,99612.7,11270.7,0.1016,0.6996
2025-02,109828.6,163.5,849.3,31,41.95,3,29.18,0.0122,0.004,0.005,0.0881,0.0045,0.0038,0.0789,98642.3,11186.3,0.1019,0.6957
2025-03,108815.8,55.6,915.6,29,41.65,7,29.16,0.01,0.0038,0.0052,0.0956,0.0045,0.0042,0.0865,97710.5,11105.3,0.1021,0.7
2025-04,107831.2,156.4,786.8,24,41.41,7,28.91,0.0128,0.0046,0.0047,0.0834,0.0046,0.0045,0.0931,96804.7,11026.5,0.1023,0.6982
2025-05,106817.2,260.6,719,32,34.4,5,23.71,0.0109,0.0052,0.0052,0.0771,0.0038,0.0048,0.0991,95871.8,10945.4,0.1025,0.6892
2025-06,105774.4,326.6,690.9,28,25.31,4,17.51,0.0116,0.0059,0.0052,0.0749,0.0028,0.005,0.1048,94912.4,10862,0.1027,0.6917
2025-07,104780.9,30.9,930.4,21,32.19,5,22.09,0.0106,0.0037,0.0049,0.1006,0.0036,0.0053,0.1126,93998.4,10782.5,0.1029,0.6864
2025-08,103757.3,243.6,733.7,27,46.27,5,31.81,0.0111,0.0048,0.0053,0.0809,0.0053,0.0057,0.1187,93056.7,10700.6,0.1031,0.6875
2025-09,102725.1,93.8,913.7,31,24.66,6,16.89,0.0115,0.0051,0.0045,0.1007,0.0028,0.0059,0.1263,92107.1,10618,0.1034,0.685
2025-10,101745.4,294.3,635.1,20,50.26,3,34.49,0.0122,0.0036,0.0054,0.0717,0.0059,0.0063,0.1316,91205.8,10539.6,0.1036,0.6863
2025-11,100708.6,286.9,719.6,27,30.28,5,20.69,0.009,0.004,0.0056,0.0816,0.0036,0.0065,0.1376,90251.9,10456.7,0.1038,0.6832
2025-12,99709.6,95.4,879.2,31,24.39,7,16.54,0.0121,0.0054,0.0056,0.0999,0.0029,0.0067,0.1449,89332.8,10376.8,0.1041,0.6781
2026-01,98666.3,164.2,829.5,24,49.63,5,33.48,0.0118,0.0053,0.006,0.0954,0.006,0.0071,0.1518,88373,10293.3,0.1043,0.6745
2026-02,97680.9,150.4,799.9,32,35.15,6,23.62,0.0108,0.0049,0.0063,0.0931,0.0043,0.0074,0.1585,87466.4,10214.5,0.1046,0.672
2026-03,96651,249.3,746.3,27,34.34,11,23.26,0.0101,0.0047,0.0068,0.0879,0.0042,0.0077,0.1647,86518.9,10132.1,0.1048,0.6774
