loan_id,prepayment_date,prepayment_amount_mm,reason,remaining_balance_before_mm,original_balance_mm
L00014,2026-01-20,20.3,自己資金,21.4,38
L00183,2025-11-01,6.8,売却,9.5,16.5
L00051,2025-12-16,14.9,借換,18.6,37.4
L00095,2025-05-23,6.7,売却,9.6,13.3
L00178,2024-09-15,20.8,自己資金,27.7,47.6
L00097,2025-07-14,32.5,借換,36.5,69.1
L00021,2025-03-26,53.4,借換,54.3,101.1
L00063,2024-08-21,33.9,借換,46.2,65.6
L00006,2025-08-14,37.4,自己資金,48,94.1
L00077,2025-07-25,32.8,相続,40.1,72.3
L00195,2025-07-17,7.3,相続,10.1,14
L00026,2024-04-02,19.6,売却,26.9,54.4
L00105,2024-04-11,28.1,借換,31.9,57.9
L00196,2024-12-08,35.1,借換,49.3,88.9
L00189,2024-05-14,40.8,売却,47.1,74.7
L00035,2024-05-25,14.7,自己資金,17.3,26.2
L00171,2024-12-09,24.9,自己資金,34,45.7
L00096,2024-08-14,17.6,自己資金,21.5,34.8
L00170,2025-03-12,19.3,自己資金,20.9,32.1
L00013,2025-04-21,40.5,借換,43.2,61.9
L00173,2025-11-20,9.9,借換,11.7,22.6
L00165,2025-05-10,28.9,自己資金,33.2,60.9
L00105,2025-02-28,31.7,借換,41.9,59.3
L00090,2024-08-15,10.3,借換,13.7,22.2
L00048,2025-09-27,26.4,売却,30.2,45
L00150,2024-07-03,10.7,その他,10.8,18.2
L00146,2026-02-21,34.9,売却,43.1,75.1
L00001,2025-02-23,31.1,借換,38.9,60.9
L00043,2025-09-13,6.7,売却,9.3,12.6
L00089,2025-01-06,29.6,借換,34.9,70.8
L00069,2024-12-22,6.3,その他,8.6,16
L00105,2024-11-24,7.4,借換,10,15.4
L00106,2024-08-17,35.3,相続,47.9,87.4
L00120,2025-02-04,34.9,売却,36.8,69.4
L00066,2025-02-12,30.4,自己資金,35.3,48.4
L00053,2026-03-21,37.2,売却,46,82.4
L00038,2024-06-01,36,借換,41.6,63
L00168,2025-11-02,42.7,借換,46.2,90.5
L00095,2025-08-18,32.4,借換,45.6,60.8
L00071,2025-06-18,31.5,売却,31.9,62.2
L00011,2024-09-09,12.9,自己資金,13.7,20.3
L00082,2026-03-13,14.8,借換,14.8,27.3
L00040,2024-10-25,20.6,借換,23.2,32.9
L00044,2025-02-11,36.3,売却,40.7,68.7
L00167,2024-10-26,36.2,借換,42.9,68
L00094,2025-04-14,44.4,借換,49.8,81.3
L00113,2025-03-18,12,借換,16.1,26.1
L00068,2025-03-20,26.5,売却,26.9,54.5
L00191,2026-02-12,44.9,借換,47.7,63.2
L00163,2024-12-07,19.7,自己資金,21.1,33.2
L00179,2024-10-08,8.3,自己資金,8.7,13.9
L00014,2025-10-09,41.6,自己資金,49.3,91.7
L00105,2024-05-21,21.7,相続,29.8,48.7
L00167,2024-11-04,35,売却,48.9,87.9
L00056,2025-04-14,44.8,売却,52.5,83.3
L00173,2024-12-18,28.6,借換,32.5,59.7
L00024,2025-09-17,12.4,自己資金,13.5,17.7
L00003,2025-12-08,48.5,借換,52,96.3
L00082,2025-03-26,32.3,借換,46,95.7
L00167,2025-01-03,30.2,自己資金,41.5,58.8
L00115,2026-02-22,47.4,自己資金,52.1,90.1
L00014,2024-06-25,49.8,借換,53.2,94.5
L00011,2024-11-13,38,自己資金,40.3,63
L00050,2025-04-27,32.2,借換,44.5,82.9
L00176,2024-06-27,7.7,その他,10.8,15.6
L00120,2025-09-14,40.6,売却,47,85.4
L00063,2025-02-16,20.8,売却,21.8,30.3
L00151,2025-08-13,17.8,売却,25.2,49
L00038,2025-05-24,17.4,売却,20.9,36.8
L00170,2024-05-11,35.5,売却,49.6,71.3
L00064,2025-04-07,44.6,相続,45,65.8
L00048,2025-05-10,23.3,自己資金,26.6,39.9
L00004,2024-06-05,39.1,借換,47.4,78.4
L00192,2024-05-25,45.3,借換,53.6,79.6
L00053,2024-10-03,45.9,その他,47.7,77.6
L00199,2025-03-24,32.8,借換,41,62.7
L00055,2024-06-24,13.5,売却,14.9,22.6
L00104,2025-02-15,8.4,売却,10.4,16.3
L00018,2024-04-20,24.2,売却,24.7,40.7
L00081,2025-03-07,28.1,借換,38.4,78.1
L00015,2025-11-11,10.5,自己資金,13.2,26
L00076,2024-05-25,25.2,借換,27.6,49.9
L00169,2024-05-19,23.6,借換,26.6,37.2
L00161,2024-08-15,47.6,売却,54,94
L00115,2026-03-16,26.3,借換,30.6,51.8
L00023,2025-12-19,14.3,自己資金,16.4,30.9
L00126,2025-08-18,30,相続,33.4,68
L00112,2025-10-17,41.9,相続,48.3,83.8
L00056,2024-07-14,39.7,借換,44.6,75.5
L00022,2025-11-08,25,自己資金,31.9,50.5
L00147,2024-12-25,15.2,借換,20.3,34
L00183,2024-07-13,27.8,その他,33.9,69
L00006,2025-10-10,39.6,借換,49.8,100.4
L00026,2024-05-25,8.8,相続,10.5,15.7
L00054,2024-11-19,32.7,売却,36.2,63.4
L00051,2025-02-19,41.1,自己資金,41.3,74.2
L00093,2025-04-14,24.2,借換,27.4,51.4
L00017,2026-02-19,34.2,自己資金,44.1,88.7
L00151,2025-09-18,24.6,自己資金,31.6,61.6
L00161,2024-06-23,19.9,売却,22.1,37.4
L00051,2025-06-17,24.8,借換,24.8,40.7
L00192,2025-10-01,27.8,借換,28,45.4
L00100,2024-10-23,52.4,自己資金,53.4,80.1
L00003,2025-04-18,43.7,借換,52.8,105.3
L00141,2025-06-08,40.8,借換,41.8,62.2
L00029,2025-08-02,16.9,借換,21.7,28.7
L00165,2025-05-16,25.5,売却,27.7,58.2
L00046,2024-06-02,32.2,自己資金,37.9,73.3
L00042,2025-02-04,23.6,売却,33.3,47.5
L00175,2025-04-09,10.7,借換,11.6,18.8
L00061,2025-11-04,25.7,自己資金,30.2,50.7
L00114,2024-06-20,45.8,自己資金,51.2,86.2
L00199,2025-01-09,22.8,借換,25,52.4
L00123,2025-12-12,40.6,借換,47.6,86.8
L00061,2025-09-02,17.8,自己資金,19.7,34.4
L00189,2025-06-22,23.4,借換,25.6,45.7
L00101,2026-03-23,26.4,売却,29.5,38.6
L00080,2024-10-06,49.8,自己資金,52.1,89
L00004,2025-01-27,25.2,売却,28.3,51
L00136,2026-02-10,17.1,借換,22.4,46.9
L00034,2024-12-05,18.4,売却,20.7,31.2
L00157,2025-07-13,31.6,自己資金,40.6,60.4
L00133,2024-06-02,35.9,借換,45.4,67.9
L00179,2025-07-13,36.2,借換,40.2,65.5
L00133,2025-04-28,27.4,自己資金,37,67.6
L00169,2024-07-22,12.2,自己資金,13.7,19.5
L00016,2025-12-25,42.2,その他,43.4,70.2
L00011,2025-07-26,33.3,借換,37.3,62.6
L00043,2024-12-02,43.8,自己資金,47.9,77.8
L00047,2024-07-06,28.5,自己資金,34.4,70.9
L00150,2024-09-23,45.8,その他,52.4,74.2
L00195,2025-07-24,7.6,売却,9.7,19.7
L00162,2026-01-07,10.3,売却,11.3,20.8
L00141,2024-04-22,8,借換,11.2,19.5
L00142,2026-01-26,30.6,借換,33,50.7
L00034,2025-08-09,35.7,借換,40.1,81.7
L00028,2024-10-05,19.1,借換,21,37.7
L00062,2024-11-12,30.5,自己資金,34.4,50.4
L00122,2026-01-12,28.6,自己資金,34.2,62.5
L00159,2025-07-26,13.2,売却,18.9,35.1
L00181,2025-01-10,23.3,借換,26,53.9
L00150,2025-05-09,23.3,自己資金,27.5,42.8
L00069,2024-04-23,32.5,借換,43.2,66.1
L00032,2024-04-10,20.5,その他,21.6,38.4
L00092,2024-09-23,8.3,自己資金,10.3,21.5
L00174,2024-09-05,38,売却,51.2,79.1
L00096,2024-08-13,44,売却,45.5,63.1
L00008,2025-07-26,17.6,売却,23.3,36.1
L00156,2025-03-15,43,借換,44,82
L00034,2025-11-15,12.8,自己資金,18,27.8
L00018,2025-05-03,14.9,借換,18.8,35.2
L00058,2025-05-25,31,自己資金,35.1,47
L00165,2025-02-25,32.3,借換,40.1,54
L00008,2025-07-18,20.4,相続,26.2,34.6
L00067,2025-12-13,21.2,借換,22,32.4
L00099,2025-10-05,13.4,借換,18.5,33.3
L00163,2024-08-10,19.4,借換,21.4,39.9
L00068,2025-12-26,35,借換,45.9,81.4
L00039,2025-10-26,12.1,自己資金,13.2,21.8
L00186,2025-03-16,18.2,売却,20.5,42.8
L00113,2025-04-01,11.5,相続,12.4,19.3
L00164,2025-03-08,41.6,相続,54.4,80.1
L00189,2024-05-07,41.9,相続,50.1,83.2
L00074,2025-03-13,10.1,その他,13.2,17.7
L00186,2026-02-20,23.8,借換,26.9,36.3
L00150,2025-03-10,29.7,売却,33.9,45.9
L00011,2026-01-14,40.4,自己資金,40.6,70.6
L00012,2025-11-17,47.1,相続,49.4,87.3
L00076,2026-03-16,48.6,売却,50.4,102.5
L00163,2025-03-04,51.7,売却,54.9,104.6
L00180,2024-07-22,27.6,借換,29.4,50.8
L00178,2024-07-27,7.9,借換,9.7,14.9
L00152,2024-04-25,20.8,相続,29.5,45.7
L00126,2024-09-11,7.4,売却,8,13.2
L00186,2025-11-25,6.7,自己資金,8.6,15.9
L00051,2025-05-15,30.6,自己資金,40.2,62.8
L00111,2025-12-07,9.5,借換,13.4,22.5
L00171,2024-11-27,25.9,自己資金,35.3,54.2
L00109,2025-07-10,6.9,相続,8.6,12.3
L00039,2024-09-18,40.1,自己資金,46.7,63.7
L00015,2024-10-15,48.3,売却,52.9,100.4
L00148,2024-05-24,39,借換,45.7,91.7
L00099,2025-05-11,27.4,借換,27.7,41.7
L00071,2024-08-18,26.8,借換,27.6,57
L00080,2025-04-07,17.5,借換,22.5,36
L00105,2024-04-01,40.4,売却,53.2,81.2
L00050,2024-05-23,42,自己資金,45.6,66.7
L00085,2025-06-09,32.3,借換,44.7,81.2
L00161,2026-03-07,28.5,自己資金,30.1,57.4
L00109,2024-12-04,16.5,自己資金,16.9,28.4
L00160,2025-03-25,33.4,自己資金,40.2,76.5
L00016,2025-09-24,28.2,売却,36.7,61.8
L00162,2025-03-11,12.1,自己資金,12.9,19.3
L00189,2025-01-28,8.1,売却,9.8,13.4
L00079,2025-10-18,37.6,借換,39,57.2
L00155,2025-10-04,37.3,自己資金,52,67.9
L00016,2025-10-05,15.2,売却,15.9,31.4
L00067,2025-03-16,21.1,借換,23.8,45.8
L00066,2025-08-05,18.3,相続,23.6,41.9
L00200,2025-11-25,34.4,自己資金,36,62.1
L00027,2024-07-25,11.4,自己資金,12.2,20.2
L00079,2024-05-17,34.1,借換,43.4,89.5
L00001,2024-07-02,7.2,売却,8.7,13.8
L00139,2026-02-17,12,借換,15.1,20.9
L00074,2025-05-08,15.1,相続,19.4,27
L00009,2025-08-22,33,売却,35.2,60.5
L00106,2024-10-13,16.8,借換,17.1,28
L00021,2025-04-14,18.3,相続,19.7,31.8
L00068,2025-09-28,44.1,借換,48.2,83.8
L00088,2024-05-05,15.2,借換,17.7,34.9
L00182,2024-11-28,24.1,借換,28,52.1
L00175,2025-04-08,34.1,借換,37.2,72.6
L00148,2025-11-07,9.5,借換,12.6,19.4
L00085,2025-03-05,18.7,自己資金,21.2,41.8
L00130,2026-03-07,30.8,自己資金,38.3,67.7
L00082,2024-08-02,12.8,その他,16.6,32.5
L00119,2025-09-18,35.9,借換,49.3,83.4
L00187,2025-10-11,8.1,自己資金,9.4,16.5
L00032,2024-09-02,49.9,相続,52.4,69.6
L00170,2025-04-07,18.8,借換,24.9,40.2
L00029,2025-08-06,19.2,借換,26,43.6
L00114,2025-03-23,40.4,相続,48.5,82.6
L00110,2024-10-11,32.7,売却,42.5,61.9
L00057,2024-05-24,38.7,借換,41,71.2
L00198,2025-12-08,19.5,借換,21.6,43.7
L00167,2025-08-27,22.8,借換,31.9,43.1
L00035,2025-04-04,43.2,借換,44.9,94.3
L00056,2025-12-06,18.7,相続,22.9,33.1
L00199,2025-04-15,39.7,借換,54.9,103.6
L00054,2024-04-22,9.8,借換,9.8,13.9
L00036,2024-04-21,32.2,自己資金,36,61
L00144,2026-02-17,9.3,売却,11.7,22.7
L00066,2025-01-06,20.5,借換,25.6,37.6
L00125,2025-07-25,35.1,借換,43.6,74.4
L00001,2025-07-05,32.9,自己資金,45.1,81
L00066,2025-07-20,17,売却,18.3,32.5
L00052,2025-12-14,13.1,売却,15.5,21.1
L00060,2024-12-09,11,借換,13.1,27.2
L00164,2025-12-26,20.3,借換,20.4,42.3
L00098,2026-02-18,46.3,借換,49,99.8
L00103,2025-03-16,19.3,借換,20.3,26.9
L00066,2025-08-19,36.9,売却,43.8,69.8
L00152,2024-04-25,42.2,相続,45.4,69.5
L00057,2026-02-25,17,相続,20.2,36.8
L00088,2025-03-13,34.1,借換,39.3,82.2
L00014,2024-06-23,46.3,売却,53.5,99.8
L00101,2024-07-21,36.8,相続,48.5,80.4
L00099,2024-06-01,14.5,売却,18.3,28.6
L00024,2024-11-23,21.5,相続,23.7,49.4
L00046,2026-01-10,14,売却,16,25.9
L00039,2026-03-14,35.8,売却,37.3,50.5
L00081,2025-06-27,18.2,自己資金,19.9,29.1
L00027,2025-04-18,43.3,自己資金,52,70.3
L00199,2024-10-22,38.3,借換,52.4,107.9
L00063,2024-06-28,44.3,借換,51.4,71.1
L00159,2025-06-08,31.8,借換,33,44.5
L00171,2025-09-16,41.3,自己資金,50.2,87.5
L00066,2024-07-26,15,自己資金,18.1,37.9
L00155,2025-05-16,26.7,相続,28.8,56.5
L00047,2024-06-10,38.1,借換,53.8,102.9
L00189,2026-03-18,17.3,借換,18.7,38.4
L00144,2024-08-19,26.5,売却,26.8,51.7
L00158,2026-02-13,14.1,借換,19.7,27.8
L00182,2024-09-02,14.5,借換,17.1,26.7
L00083,2025-08-18,45,売却,51.5,95.9
L00080,2024-04-27,38.8,自己資金,41.7,70.5
L00197,2025-12-10,45.4,自己資金,49.4,65.6
L00095,2025-01-12,46.3,その他,48.3,73
L00190,2025-07-18,16.3,借換,16.8,22.6
L00170,2024-08-09,32.1,自己資金,39,56.2
L00083,2025-12-27,25,借換,26.3,45.8
L00160,2025-02-12,47,相続,47.3,75
L00107,2026-01-18,39.1,借換,41.5,87.1
L00053,2025-07-27,8.8,売却,9.6,19.5
L00112,2025-02-23,8,自己資金,8.4,13.8
L00043,2025-04-23,10.8,借換,12.1,16.5
L00104,2024-05-08,21.5,売却,24.6,34.8
L00066,2024-06-07,7.3,借換,9.4,12.5
L00174,2026-02-11,40.2,自己資金,40.7,67.4
L00097,2025-12-11,26,借換,28.8,48.7
L00065,2024-06-09,32.3,売却,32.5,52.8
L00056,2024-11-18,32.2,借換,37.7,51.7
L00197,2025-02-12,13.1,借換,16,31.7
L00009,2025-06-09,33,借換,42,57.9
L00049,2024-05-20,8.2,売却,9.3,13.9
L00072,2024-06-21,17.7,売却,18.5,37.6
L00005,2025-01-10,30.7,売却,31.1,45
L00191,2024-09-21,39.5,借換,50.6,75.4
L00074,2025-11-04,46.1,借換,50.4,93.7
L00143,2025-01-08,20,自己資金,21,38.8
L00051,2024-09-19,14.1,売却,14.7,20.2
L00024,2024-07-21,24.8,売却,27.9,52.5
L00021,2025-06-11,13.9,自己資金,18.9,30.7
L00029,2025-02-25,9.6,借換,11.1,16
L00071,2024-12-09,34.5,借換,35.1,59.6
L00190,2025-04-11,7.5,その他,10.5,20.7
L00008,2024-11-07,26.5,借換,33.3,62.1
L00042,2025-08-09,37.7,借換,47.7,90.9
L00136,2026-02-27,42.7,借換,52.9,107.9
L00090,2024-08-21,12.4,売却,17.4,36.2
L00064,2024-07-07,35.2,その他,42,58.9
L00199,2024-04-11,10.9,自己資金,15.2,29.9
L00127,2024-12-09,38,自己資金,39.9,80.6
L00020,2025-08-09,12.2,自己資金,13.6,21.3
L00126,2024-07-06,14.3,売却,19.5,37.4
L00128,2024-09-12,7.4,その他,9.6,14.7
L00187,2025-05-03,28.2,売却,35.8,50.4
L00003,2025-10-26,24.7,自己資金,33.1,64.3
L00001,2024-04-26,42.8,借換,48.7,96.3
L00048,2024-11-28,36.8,売却,49.5,102
L00029,2025-09-14,35.5,売却,48.3,77.8
L00031,2025-02-21,23.8,売却,23.9,32.7
L00041,2025-09-27,19.1,借換,22.1,33.2
L00018,2024-09-05,29.5,借換,30.8,54.2
L00121,2025-07-21,9.3,借換,11.1,17.4
L00041,2024-08-13,51.5,売却,53.7,111.2
L00169,2025-11-25,23.6,借換,30.6,57.8
L00178,2026-02-14,23.7,借換,24.1,41.8
L00026,2025-03-25,24.4,借換,28.3,38.4
L00084,2024-06-07,31.6,借換,36.9,68.9
L00174,2024-10-28,10.9,借換,14,24.3
L00107,2025-03-24,31.9,自己資金,39.9,70.9
L00071,2025-02-05,39.3,自己資金,44.7,75.2
L00188,2025-05-03,36.7,その他,50.4,78.8
L00170,2024-05-25,18.8,借換,26,50.8
L00104,2025-02-02,8.8,借換,10,16.1
L00140,2026-02-12,14.3,借換,18.9,35.1
L00198,2025-09-04,21.1,自己資金,26.8,53.6
L00149,2024-11-12,6.8,相続,8.1,13.8
L00165,2025-10-16,48.4,売却,53.8,97.5
L00137,2026-03-14,41.5,借換,45.7,87.6
L00163,2024-04-09,17.6,その他,23.4,45
L00099,2024-11-24,32.5,借換,45.9,74.2
L00132,2026-01-03,33.5,自己資金,41.6,87.1
L00014,2025-02-18,46.5,借換,48.6,91.1
L00081,2024-12-23,39.7,売却,44.2,59.6
L00171,2025-12-12,9.6,売却,10.9,18.7
L00096,2025-05-27,40.1,相続,40.6,61.3
L00185,2024-09-09,45,自己資金,52.3,76
L00070,2025-06-04,32,借換,41.2,75.2
L00028,2024-07-24,25.5,借換,35.5,60.8
L00054,2025-08-03,27.6,借換,28.3,53
L00106,2025-02-25,19.3,借換,22.8,37.6
L00149,2024-06-03,18.9,借換,22.4,41.7
L00105,2026-03-07,9.8,自己資金,11.5,18
L00109,2024-08-22,50.9,売却,53.8,98.7
L00195,2024-07-05,37.1,借換,39,61.8
L00124,2024-07-21,44.5,売却,51.3,85.8
L00122,2024-08-14,13.3,売却,15.2,23.6
L00170,2024-10-21,33.2,自己資金,42.9,83.1
L00072,2024-06-16,30.6,自己資金,33.2,50.7
L00136,2025-09-28,36.1,自己資金,38.3,72.8
L00178,2024-07-17,39,借換,39.8,53.6
L00189,2024-11-04,49,借換,52.5,91.7
L00034,2025-06-05,7.1,売却,8.5,13.1
L00160,2025-11-14,38.3,自己資金,38.6,63.1
L00007,2025-05-05,16.1,相続,17.4,29.6
L00088,2024-08-01,39.8,借換,47.3,73.9
L00022,2024-12-19,34.6,借換,37.8,57.5
L00091,2025-06-17,38.5,借換,45.7,81.2
L00058,2025-04-27,30.6,借換,41.6,84.7
L00190,2025-02-26,42.3,売却,42.4,84.6
L00157,2025-01-06,45,相続,45.6,84.3
L00142,2024-09-26,6,借換,8.6,15.9
L00030,2026-02-17,33.9,借換,36.2,59.9
L00148,2025-12-09,40.7,売却,53.4,98.5
L00020,2025-08-14,50.2,借換,53.4,104.8
L00134,2025-02-28,20.3,売却,28,52.4
L00140,2024-12-12,6.3,相続,8.3,17.2
L00056,2025-07-26,21.6,借換,22.7,42
L00036,2025-04-16,14.3,借換,18.6,25.3
L00130,2024-09-22,18.8,その他,20.3,28
L00001,2024-05-15,30.8,借換,35.2,50.8
L00096,2025-07-02,24.4,借換,34.2,60.6
L00023,2024-09-19,31.3,売却,41.9,70.3
L00042,2025-02-18,14,借換,15.5,23.5
L00068,2024-10-03,8.7,売却,12.3,25.3
L00091,2024-04-02,26.8,借換,32.3,42.2
L00127,2025-02-13,10.3,相続,11.2,18
L00043,2024-06-24,10.6,借換,11.7,16.7
L00144,2025-10-22,12.3,自己資金,14.4,26.6
L00007,2025-07-15,14.3,その他,15.2,30.4
L00131,2024-08-28,30.7,借換,39,79.1
L00038,2024-10-23,29,自己資金,29.3,43.1
L00012,2024-11-10,34.6,売却,37,75.9
L00093,2026-02-02,16.8,借換,18.3,24.1
L00194,2025-02-17,19.3,借換,25.5,38
L00056,2025-11-13,33.4,相続,35.6,50.6
L00193,2025-12-20,15.1,売却,17.6,27.5
L00101,2026-03-13,32.3,売却,40.9,84.8
L00043,2026-01-28,30.9,売却,33.3,61.4
L00087,2026-02-19,32.2,借換,39.4,55.7
L00148,2024-11-17,27.6,借換,33.1,57.2
L00084,2024-08-20,18,売却,23.3,37.6
L00087,2024-05-28,27.8,借換,31.9,60.2
L00092,2025-12-14,36.7,借換,51.1,70.1
L00027,2025-09-20,10.5,相続,14.8,27.5
L00110,2025-04-03,50.6,借換,53.6,96.9
L00108,2026-02-18,47,借換,49.2,76.4
L00198,2025-06-07,44.2,借換,47.5,86
L00185,2025-04-13,30.5,自己資金,35.5,55.5
L00156,2024-08-21,25.2,売却,35.6,57.4
L00183,2025-10-14,49.9,自己資金,53.5,79.3
L00083,2026-01-13,16.8,売却,23.4,40.3
L00041,2024-08-16,30.8,自己資金,43.9,59
L00044,2024-08-13,8.2,売却,8.9,16.4
L00057,2024-11-25,9.3,自己資金,9.7,16.1
L00118,2024-04-08,36.8,借換,50.9,96.9
L00044,2025-12-09,12.3,売却,12.7,19.8
L00199,2025-09-07,26.7,売却,36.9,53.3
L00050,2025-01-08,7,相続,8.3,13.3
L00130,2025-05-27,28,売却,34.7,64.7
L00097,2025-11-25,48.6,自己資金,53.2,77.1
L00033,2025-02-01,23.5,借換,31.5,41.7
L00126,2025-02-13,37.9,借換,43.3,77
L00074,2024-07-15,15.3,売却,16.7,25.4
L00125,2025-08-08,21.3,借換,23.7,34.6
L00162,2024-10-01,7.7,自己資金,8.7,17.2
L00187,2024-05-27,14.4,借換,17.4,28.6
L00193,2025-02-19,32.5,借換,40.1,83.7
L00007,2024-10-14,13.9,自己資金,17.1,22.6
L00041,2024-05-07,19.6,売却,22.9,35.5
L00009,2024-06-02,14.5,売却,14.9,31.2
L00136,2025-12-09,14.7,借換,19.5,35.2
L00081,2025-10-28,15.8,自己資金,19.2,37.2
L00098,2026-03-23,26.4,借換,26.4,36.4
L00132,2026-03-15,23.3,借換,23.6,43.2
L00001,2025-01-11,18.7,売却,19.5,28.6
L00169,2025-11-06,22.7,借換,28.4,37
L00127,2024-11-04,9.9,自己資金,13.3,24.7
L00026,2024-10-21,9.6,借換,9.6,17.5
L00170,2025-04-14,28.3,借換,36.8,68.9
L00003,2026-02-02,39.3,借換,51.2,89.1
L00082,2026-03-16,22.2,借換,24.5,40.2
L00013,2026-03-05,19.4,借換,23.8,34.6
L00072,2025-12-07,28.6,売却,39.4,77.2
L00005,2025-09-08,29.8,相続,38.8,79
L00104,2024-05-03,14.4,借換,17.2,33
L00018,2024-09-26,21.3,借換,28.4,40.5
L00070,2025-08-18,33,その他,42.2,82.9
L00038,2025-08-01,16.5,売却,17.4,22.8
L00020,2024-07-23,24.7,借換,28.3,37.3
L00138,2025-06-09,17.8,借換,21.1,31.7
L00189,2025-02-26,8.8,自己資金,9.5,12.9
L00019,2024-07-19,23.3,売却,27.8,53.4
L00070,2025-12-05,36.8,売却,42.9,85.4
L00164,2024-12-08,35.8,自己資金,36.1,49.7
L00192,2025-09-20,42.9,売却,45.5,92.8
L00016,2025-09-04,33.8,売却,47.4,79.9
L00055,2025-12-05,35,借換,41.7,61.5
L00015,2025-03-21,30.3,売却,35.4,49.9
L00115,2025-02-12,42.3,自己資金,42.8,62.9
L00103,2025-01-05,25.3,売却,33.8,44.7
L00096,2025-09-26,35.7,借換,41.4,68.2
L00067,2026-03-24,35.9,借換,45,70.1
L00131,2024-07-03,37.7,借換,41.5,81.3
L00176,2025-03-25,21.5,借換,25.2,52.2
L00176,2026-02-27,27.4,借換,34.4,70.5
L00028,2025-05-14,38.2,売却,46.2,68
L00149,2024-07-01,49.5,借換,50.6,73.2
L00072,2024-11-15,38,借換,40.2,74.6
L00086,2024-09-27,19.9,相続,23.8,34.3
L00056,2025-11-18,29.9,自己資金,30.3,58.2
L00183,2024-10-09,21.2,借換,23.3,37.3
L00083,2024-11-05,32.2,その他,36.7,57.8
L00114,2025-08-03,18.2,借換,24.9,45
L00102,2024-10-14,9.4,売却,13.2,27.7
L00144,2025-08-21,19.1,その他,21.6,37.1
L00152,2025-10-17,29.6,売却,35.8,49.2
L00062,2025-10-06,20.1,売却,27.4,51.6
L00184,2025-11-03,28.7,借換,28.9,54.1
L00154,2024-06-24,46.8,自己資金,47.2,61.7
L00192,2025-06-04,12.9,自己資金,14.9,26.3
L00065,2024-07-22,28.5,その他,38.7,70.3
L00189,2025-12-24,25.7,売却,33.2,61.3
L00064,2024-12-09,7.6,売却,8.9,18
L00124,2024-09-24,29.1,借換,34.2,55.5
L00149,2025-07-17,21.1,売却,23.6,41.1
L00132,2025-09-26,32.3,自己資金,43.7,69.4
L00051,2025-05-01,10.1,相続,10.4,15.7
L00043,2025-03-14,36.9,借換,38.2,66
L00043,2025-11-13,26.5,自己資金,35.2,58
L00059,2024-12-22,27.8,自己資金,30.5,51
L00168,2024-11-07,23.7,借換,24.5,39.1
L00011,2024-06-04,41.8,借換,53.8,109.1
L00032,2025-11-16,30.9,借換,37.2,72.1
L00079,2025-06-07,16.3,借換,20,37.6
L00091,2025-10-18,41.9,自己資金,48.5,73.1
L00013,2026-01-20,22.6,売却,29.5,54.8
L00197,2024-08-16,33.7,借換,33.9,68.8
L00073,2025-11-11,34.4,借換,41.8,84
L00131,2024-06-15,32.8,借換,41.8,77.1
L00149,2024-04-17,9.6,借換,11.1,17.2
L00160,2025-08-02,12.5,売却,16.8,33.4
L00104,2025-09-04,16.5,借換,20.6,34.2
L00185,2024-12-19,30.8,借換,33.2,44.3
L00152,2024-09-07,29.5,借換,29.5,49.1
L00106,2026-03-04,19,自己資金,19.7,26.3
L00157,2024-09-13,14.4,自己資金,16.3,30.2
L00075,2024-05-06,19.6,売却,20,30
L00194,2024-12-26,26.6,自己資金,28.2,50.2
L00101,2024-06-26,17.5,借換,23.5,38.6
L00082,2025-02-12,17.4,売却,23.6,43.3
L00119,2024-07-17,24.5,売却,28.9,47.9
L00125,2025-08-15,32.2,借換,32.6,67.2
L00129,2025-04-08,19.5,相続,24.1,37.5
L00060,2025-10-15,49.5,借換,49.7,89.1
L00136,2026-03-16,14.9,借換,20,40.4
L00115,2025-04-11,19,借換,19.4,31.3
L00033,2024-06-01,28.8,自己資金,35.5,65.7
L00183,2025-06-17,37.1,売却,44.5,74.1
L00158,2025-04-22,13,相続,13.3,23.9
L00171,2026-02-11,42,借換,49.7,102.1
L00031,2024-09-09,18.5,売却,22,32
L00036,2025-10-15,23.8,借換,28.6,44.8
L00121,2025-11-07,30,自己資金,37.7,71.2
L00123,2025-07-07,42.1,借換,50,94.6
L00155,2025-03-02,37.9,借換,42.2,80.7
L00127,2024-12-25,16.6,自己資金,18.9,26.5
L00113,2025-12-23,39.2,借換,40,75
L00143,2026-01-15,40.8,自己資金,49.6,95.8
L00051,2024-05-08,32.3,売却,45.5,79
L00093,2025-07-09,37.2,借換,39.9,70.1
L00187,2024-12-14,7.7,借換,9.7,15.6
L00172,2025-05-24,13.7,自己資金,16.4,22.1
L00117,2025-01-27,19.5,自己資金,22.7,34.6
L00148,2025-02-05,19.5,売却,27,38.4
L00070,2024-05-26,45,自己資金,52.1,103.2
L00086,2024-04-07,41,相続,51.9,87.9
L00121,2025-09-01,30.2,売却,35.5,46.8
L00076,2026-03-01,35.9,借換,41.1,62.6
L00077,2024-07-19,32.7,売却,40,61.6
L00108,2025-01-09,17.8,借換,24.6,36.4
L00117,2024-09-21,28.2,借換,36.5,49.3
L00059,2026-02-17,9.4,相続,12.3,22
L00015,2024-11-07,31.2,借換,38.5,61.9
L00097,2025-08-15,41.4,売却,54.8,114.5
L00111,2026-02-21,19.4,売却,19.8,29.3
L00181,2025-11-15,23.2,借換,24.4,49.1
L00184,2025-02-06,25.1,売却,27.6,36
L00110,2024-07-25,35.4,相続,44.3,82
L00065,2026-03-17,13.4,借換,14.9,21.3
L00126,2026-03-14,37.4,売却,42.2,84.2
L00071,2026-03-24,8.3,自己資金,11.4,22.4
L00154,2025-03-09,46.6,借換,51.9,108.7
L00163,2025-08-10,15.9,売却,16.8,29.7
L00175,2024-10-15,9.5,借換,9.8,18
L00104,2025-01-09,34.4,自己資金,45.1,88.8
L00122,2026-02-15,39.6,借換,46,76.4
L00189,2025-04-03,39.5,借換,44.6,58.2
L00126,2026-01-14,30.3,借換,32.8,61.2
L00009,2024-11-28,31.5,借換,35.3,61.3
L00059,2025-10-19,13.8,売却,18.3,27.6
L00005,2025-07-12,25,相続,27.3,42.5
L00119,2025-04-06,15.8,借換,17,27
L00149,2025-06-04,11.2,売却,15.1,22.9
L00181,2025-10-16,31.9,自己資金,34,50.8
L00099,2025-08-10,39.4,売却,42,71.5
L00039,2024-09-07,10.2,相続,13.5,19.9
L00045,2025-10-26,39.1,自己資金,45.1,81
L00200,2025-05-16,15.3,借換,19.7,33.9
L00029,2026-01-20,28.2,借換,28.4,45.2
L00196,2024-11-11,48.3,借換,48.7,71.2
L00098,2025-06-19,13.6,借換,19.1,32.1
L00119,2025-06-21,48.8,借換,53.9,97.6
L00084,2024-04-22,37,借換,38,67.5
L00086,2025-07-28,38.9,借換,45.4,63.5
L00111,2024-06-17,10.9,借換,13,23.1
L00078,2026-03-12,29.7,自己資金,41.5,58.4
L00087,2026-02-18,33.2,借換,41.7,58.8
L00060,2026-03-16,20,自己資金,28.1,39.5
L00122,2026-02-25,12.9,借換,18.4,29.5
L00141,2026-02-17,41.2,借換,54.4,75.1
L00148,2024-06-25,14.9,借換,20.3,42.3
L00084,2024-08-01,12.2,借換,13.8,27.3
L00157,2025-02-17,16.1,売却,19,25.8
L00113,2025-02-18,31.6,売却,35.8,59.2
L00150,2024-06-13,32.8,売却,36.7,51.6
L00161,2026-01-18,16.4,借換,18.4,24.9
L00056,2025-12-26,8.3,借換,11.7,19.3
L00046,2025-11-14,20.9,売却,22.2,42.7
L00094,2024-05-10,26.5,自己資金,31.1,53.9
L00172,2024-08-27,9.2,自己資金,10.1,14.2
L00191,2025-12-24,50.1,売却,52.3,107.6
L00020,2026-02-24,26.2,借換,26.3,52.9
L00051,2026-02-21,16.5,借換,18.3,28.8
