prefecture,loan_count,balance_mm,share,delinquency_90_plus_rate,avg_balance_mm
東京都,727,20361.9,0.2107,0.0028,28.01
神奈川県,436,12217.1,0.1264,0.0057,28.02
埼玉県,307,8597.2,0.089,0.0104,28
千葉県,275,7692.3,0.0796,0.0066,27.97
大阪府,291,8144.7,0.0843,0.0088,27.99
愛知県,226,6334.8,0.0655,0.0096,28.03
兵庫県,145,4072.4,0.0421,0.0104,28.09
京都府,97,2714.9,0.0281,0.0037,27.99
福岡県,113,3167.4,0.0328,0.0049,28.03
北海道,90,2533.9,0.0262,0.0055,28.15
宮城県,58,1628.9,0.0169,0.0103,28.08
広島県,58,1628.9,0.0169,0.0048,28.08
静岡県,71,1990.9,0.0206,0.0099,28.04
茨城県,48,1357.5,0.014,0.0061,28.28
栃木県,32,905,0.0094,0.0115,28.28
群馬県,29,814.5,0.0084,0.0036,28.09
新潟県,32,905,0.0094,0.009,28.28
長野県,26,724,0.0075,0.0044,27.85
岐阜県,26,724,0.0075,0.0035,27.85
三重県,23,633.5,0.0066,0.0024,27.54
滋賀県,23,633.5,0.0066,0.0112,27.54
奈良県,19,543,0.0056,0.0075,28.58
岡山県,26,724,0.0075,0.0047,27.85
山口県,16,452.5,0.0047,0.002,28.28
熊本県,26,724,0.0075,0.0045,27.85
鹿児島県,16,452.5,0.0047,0.0032,28.28
沖縄県,19,543,0.0056,0.0059,28.58
青森県,10,271.5,0.0028,0.0097,27.15
岩手県,10,271.5,0.0028,0.0064,27.15
秋田県,10,271.5,0.0028,0.0056,27.15
山形県,10,271.5,0.0028,0.0065,27.15
福島県,10,271.5,0.0028,0.0074,27.15
富山県,10,271.5,0.0028,0.0049,27.15
石川県,10,271.5,0.0028,0.0096,27.15
福井県,10,271.5,0.0028,0.0085,27.15
山梨県,10,271.5,0.0028,0.0078,27.15
和歌山県,10,271.5,0.0028,0.0053,27.15
鳥取県,10,271.5,0.0028,0.0099,27.15
島根県,10,271.5,0.0028,0.0086,27.15
徳島県,10,271.5,0.0028,0.0086,27.15
香川県,10,271.5,0.0028,0.0111,27.15
愛媛県,10,271.5,0.0028,0.0022,27.15
高知県,10,271.5,0.0028,0.0049,27.15
佐賀県,10,271.5,0.0028,0.0063,27.15
長崎県,10,271.5,0.0028,0.0043,27.15
大分県,10,271.5,0.0028,0.0092,27.15
宮崎県,10,271.2,0.0028,0.0104,27.12
